iter,lane,a_src,b_src,t_src,pe_a,pe_b,twiddle_T,out0,out1,out0_dst_word,out1_dst_word
0,0,line 0,line 4,line 0,256,260,512,133376,4294834430,0,128
0,1,line 16,line 20,line 0,272,276,512,141584,4294826254,1,129
0,2,line 0,line 4,line 0,256,260,512,133376,4294834430,2,130
0,3,line 16,line 20,line 0,272,276,512,141584,4294826254,3,131
0,4,line 0,line 4,line 0,256,260,512,133376,4294834430,4,132
0,5,line 16,line 20,line 0,272,276,512,141584,4294826254,5,133
0,6,line 0,line 4,line 0,256,260,512,133376,4294834430,6,134
0,7,line 16,line 20,line 0,272,276,512,141584,4294826254,7,135
0,8,line 0,line 4,line 1,256,260,513,133636,4294834170,8,136
0,9,line 16,line 20,line 1,272,276,513,141860,4294825978,9,137
0,10,line 0,line 4,line 1,256,260,513,133636,4294834170,10,138
0,11,line 16,line 20,line 1,272,276,513,141860,4294825978,11,139
0,12,line 0,line 4,line 1,256,260,513,133636,4294834170,12,140
0,13,line 16,line 20,line 1,272,276,513,141860,4294825978,13,141
0,14,line 0,line 4,line 1,256,260,513,133636,4294834170,14,142
0,15,line 16,line 20,line 1,272,276,513,141860,4294825978,15,143
0,16,line 1,line 5,line 2,257,261,514,134411,4294833397,16,144
0,17,line 17,line 21,line 2,273,277,514,142651,4294825189,17,145
0,18,line 1,line 5,line 2,257,261,514,134411,4294833397,18,146
0,19,line 17,line 21,line 2,273,277,514,142651,4294825189,19,147
0,20,line 1,line 5,line 2,257,261,514,134411,4294833397,20,148
0,21,line 17,line 21,line 2,273,277,514,142651,4294825189,21,149
0,22,line 1,line 5,line 2,257,261,514,134411,4294833397,22,150
0,23,line 17,line 21,line 2,273,277,514,142651,4294825189,23,151
0,24,line 1,line 5,line 3,257,261,515,134672,4294833136,24,152
0,25,line 17,line 21,line 3,273,277,515,142928,4294824912,25,153
0,26,line 1,line 5,line 3,257,261,515,134672,4294833136,26,154
0,27,line 17,line 21,line 3,273,277,515,142928,4294824912,27,155
0,28,line 1,line 5,line 3,257,261,515,134672,4294833136,28,156
0,29,line 17,line 21,line 3,273,277,515,142928,4294824912,29,157
0,30,line 1,line 5,line 3,257,261,515,134672,4294833136,30,158
0,31,line 17,line 21,line 3,273,277,515,142928,4294824912,31,159
0,32,line 2,line 6,line 4,258,262,516,135450,4294832360,32,160
0,33,line 18,line 22,line 4,274,278,516,143722,4294824120,33,161
0,34,line 2,line 6,line 4,258,262,516,135450,4294832360,34,162
0,35,line 18,line 22,line 4,274,278,516,143722,4294824120,35,163
0,36,line 2,line 6,line 4,258,262,516,135450,4294832360,36,164
0,37,line 18,line 22,line 4,274,278,516,143722,4294824120,37,165
0,38,line 2,line 6,line 4,258,262,516,135450,4294832360,38,166
0,39,line 18,line 22,line 4,274,278,516,143722,4294824120,39,167
0,40,line 2,line 6,line 5,258,262,517,135712,4294832098,40,168
0,41,line 18,line 22,line 5,274,278,517,144000,4294823842,41,169
0,42,line 2,line 6,line 5,258,262,517,135712,4294832098,42,170
0,43,line 18,line 22,line 5,274,278,517,144000,4294823842,43,171
0,44,line 2,line 6,line 5,258,262,517,135712,4294832098,44,172
0,45,line 18,line 22,line 5,274,278,517,144000,4294823842,45,173
0,46,line 2,line 6,line 5,258,262,517,135712,4294832098,46,174
0,47,line 18,line 22,line 5,274,278,517,144000,4294823842,47,175
0,48,line 3,line 7,line 6,259,263,518,136493,4294831319,48,176
0,49,line 19,line 23,line 6,275,279,518,144797,4294823047,49,177
0,50,line 3,line 7,line 6,259,263,518,136493,4294831319,50,178
0,51,line 19,line 23,line 6,275,279,518,144797,4294823047,51,179
0,52,line 3,line 7,line 6,259,263,518,136493,4294831319,52,180
0,53,line 19,line 23,line 6,275,279,518,144797,4294823047,53,181
0,54,line 3,line 7,line 6,259,263,518,136493,4294831319,54,182
0,55,line 19,line 23,line 6,275,279,518,144797,4294823047,55,183
0,56,line 3,line 7,line 7,259,263,519,136756,4294831056,56,184
0,57,line 19,line 23,line 7,275,279,519,145076,4294822768,57,185
0,58,line 3,line 7,line 7,259,263,519,136756,4294831056,58,186
0,59,line 19,line 23,line 7,275,279,519,145076,4294822768,59,187
0,60,line 3,line 7,line 7,259,263,519,136756,4294831056,60,188
0,61,line 19,line 23,line 7,275,279,519,145076,4294822768,61,189
0,62,line 3,line 7,line 7,259,263,519,136756,4294831056,62,190
0,63,line 19,line 23,line 7,275,279,519,145076,4294822768,63,191
1,0,line 8,line 12,line 8,264,268,520,139624,4294828198,64,192
1,1,line 24,line 28,line 8,280,284,520,147960,4294819894,65,193
1,2,line 8,line 12,line 8,264,268,520,139624,4294828198,66,194
1,3,line 24,line 28,line 8,280,284,520,147960,4294819894,67,195
1,4,line 8,line 12,line 8,264,268,520,139624,4294828198,68,196
1,5,line 24,line 28,line 8,280,284,520,147960,4294819894,69,197
1,6,line 8,line 12,line 8,264,268,520,139624,4294828198,70,198
1,7,line 24,line 28,line 8,280,284,520,147960,4294819894,71,199
1,8,line 8,line 12,line 9,264,268,521,139892,4294827930,72,200
1,9,line 24,line 28,line 9,280,284,521,148244,4294819610,73,201
1,10,line 8,line 12,line 9,264,268,521,139892,4294827930,74,202
1,11,line 24,line 28,line 9,280,284,521,148244,4294819610,75,203
1,12,line 8,line 12,line 9,264,268,521,139892,4294827930,76,204
1,13,line 24,line 28,line 9,280,284,521,148244,4294819610,77,205
1,14,line 8,line 12,line 9,264,268,521,139892,4294827930,78,206
1,15,line 24,line 28,line 9,280,284,521,148244,4294819610,79,207
1,16,line 9,line 13,line 10,265,269,522,140683,4294827141,80,208
1,17,line 25,line 29,line 10,281,285,522,149051,4294818805,81,209
1,18,line 9,line 13,line 10,265,269,522,140683,4294827141,82,210
1,19,line 25,line 29,line 10,281,285,522,149051,4294818805,83,211
1,20,line 9,line 13,line 10,265,269,522,140683,4294827141,84,212
1,21,line 25,line 29,line 10,281,285,522,149051,4294818805,85,213
1,22,line 9,line 13,line 10,265,269,522,140683,4294827141,86,214
1,23,line 25,line 29,line 10,281,285,522,149051,4294818805,87,215
1,24,line 9,line 13,line 11,265,269,523,140952,4294826872,88,216
1,25,line 25,line 29,line 11,281,285,523,149336,4294818520,89,217
1,26,line 9,line 13,line 11,265,269,523,140952,4294826872,90,218
1,27,line 25,line 29,line 11,281,285,523,149336,4294818520,91,219
1,28,line 9,line 13,line 11,265,269,523,140952,4294826872,92,220
1,29,line 25,line 29,line 11,281,285,523,149336,4294818520,93,221
1,30,line 9,line 13,line 11,265,269,523,140952,4294826872,94,222
1,31,line 25,line 29,line 11,281,285,523,149336,4294818520,95,223
1,32,line 10,line 14,line 12,266,270,524,141746,4294826080,96,224
1,33,line 26,line 30,line 12,282,286,524,150146,4294817712,97,225
1,34,line 10,line 14,line 12,266,270,524,141746,4294826080,98,226
1,35,line 26,line 30,line 12,282,286,524,150146,4294817712,99,227
1,36,line 10,line 14,line 12,266,270,524,141746,4294826080,100,228
1,37,line 26,line 30,line 12,282,286,524,150146,4294817712,101,229
1,38,line 10,line 14,line 12,266,270,524,141746,4294826080,102,230
1,39,line 26,line 30,line 12,282,286,524,150146,4294817712,103,231
1,40,line 10,line 14,line 13,266,270,525,142016,4294825810,104,232
1,41,line 26,line 30,line 13,282,286,525,150432,4294817426,105,233
1,42,line 10,line 14,line 13,266,270,525,142016,4294825810,106,234
1,43,line 26,line 30,line 13,282,286,525,150432,4294817426,107,235
1,44,line 10,line 14,line 13,266,270,525,142016,4294825810,108,236
1,45,line 26,line 30,line 13,282,286,525,150432,4294817426,109,237
1,46,line 10,line 14,line 13,266,270,525,142016,4294825810,110,238
1,47,line 26,line 30,line 13,282,286,525,150432,4294817426,111,239
1,48,line 11,line 15,line 14,267,271,526,142813,4294825015,112,240
1,49,line 27,line 31,line 14,283,287,526,151245,4294816615,113,241
1,50,line 11,line 15,line 14,267,271,526,142813,4294825015,114,242
1,51,line 27,line 31,line 14,283,287,526,151245,4294816615,115,243
1,52,line 11,line 15,line 14,267,271,526,142813,4294825015,116,244
1,53,line 27,line 31,line 14,283,287,526,151245,4294816615,117,245
1,54,line 11,line 15,line 14,267,271,526,142813,4294825015,118,246
1,55,line 27,line 31,line 14,283,287,526,151245,4294816615,119,247
1,56,line 11,line 15,line 15,267,271,527,143084,4294824744,120,248
1,57,line 27,line 31,line 15,283,287,527,151532,4294816328,121,249
1,58,line 11,line 15,line 15,267,271,527,143084,4294824744,122,250
1,59,line 27,line 31,line 15,283,287,527,151532,4294816328,123,251
1,60,line 11,line 15,line 15,267,271,527,143084,4294824744,124,252
1,61,line 27,line 31,line 15,283,287,527,151532,4294816328,125,253
1,62,line 11,line 15,line 15,267,271,527,143084,4294824744,126,254
1,63,line 27,line 31,line 15,283,287,527,151532,4294816328,127,255
2,0,line 32,line 36,line 16,288,292,528,154464,4294813406,256,384
2,1,line 48,line 52,line 16,304,308,528,162928,4294804974,257,385
2,2,line 32,line 36,line 16,288,292,528,154464,4294813406,258,386
2,3,line 48,line 52,line 16,304,308,528,162928,4294804974,259,387
2,4,line 32,line 36,line 16,288,292,528,154464,4294813406,260,388
2,5,line 48,line 52,line 16,304,308,528,162928,4294804974,261,389
2,6,line 32,line 36,line 16,288,292,528,154464,4294813406,262,390
2,7,line 48,line 52,line 16,304,308,528,162928,4294804974,263,391
2,8,line 32,line 36,line 17,288,292,529,154756,4294813114,264,392
2,9,line 48,line 52,line 17,304,308,529,163236,4294804666,265,393
2,10,line 32,line 36,line 17,288,292,529,154756,4294813114,266,394
2,11,line 48,line 52,line 17,304,308,529,163236,4294804666,267,395
2,12,line 32,line 36,line 17,288,292,529,154756,4294813114,268,396
2,13,line 48,line 52,line 17,304,308,529,163236,4294804666,269,397
2,14,line 32,line 36,line 17,288,292,529,154756,4294813114,270,398
2,15,line 48,line 52,line 17,304,308,529,163236,4294804666,271,399
2,16,line 33,line 37,line 18,289,293,530,155579,4294812293,272,400
2,17,line 49,line 53,line 18,305,309,530,164075,4294803829,273,401
2,18,line 33,line 37,line 18,289,293,530,155579,4294812293,274,402
2,19,line 49,line 53,line 18,305,309,530,164075,4294803829,275,403
2,20,line 33,line 37,line 18,289,293,530,155579,4294812293,276,404
2,21,line 49,line 53,line 18,305,309,530,164075,4294803829,277,405
2,22,line 33,line 37,line 18,289,293,530,155579,4294812293,278,406
2,23,line 49,line 53,line 18,305,309,530,164075,4294803829,279,407
2,24,line 33,line 37,line 19,289,293,531,155872,4294812000,280,408
2,25,line 49,line 53,line 19,305,309,531,164384,4294803520,281,409
2,26,line 33,line 37,line 19,289,293,531,155872,4294812000,282,410
2,27,line 49,line 53,line 19,305,309,531,164384,4294803520,283,411
2,28,line 33,line 37,line 19,289,293,531,155872,4294812000,284,412
2,29,line 49,line 53,line 19,305,309,531,164384,4294803520,285,413
2,30,line 33,line 37,line 19,289,293,531,155872,4294812000,286,414
2,31,line 49,line 53,line 19,305,309,531,164384,4294803520,287,415
2,32,line 34,line 38,line 20,290,294,532,156698,4294811176,288,416
2,33,line 50,line 54,line 20,306,310,532,165226,4294802680,289,417
2,34,line 34,line 38,line 20,290,294,532,156698,4294811176,290,418
2,35,line 50,line 54,line 20,306,310,532,165226,4294802680,291,419
2,36,line 34,line 38,line 20,290,294,532,156698,4294811176,292,420
2,37,line 50,line 54,line 20,306,310,532,165226,4294802680,293,421
2,38,line 34,line 38,line 20,290,294,532,156698,4294811176,294,422
2,39,line 50,line 54,line 20,306,310,532,165226,4294802680,295,423
2,40,line 34,line 38,line 21,290,294,533,156992,4294810882,296,424
2,41,line 50,line 54,line 21,306,310,533,165536,4294802370,297,425
2,42,line 34,line 38,line 21,290,294,533,156992,4294810882,298,426
2,43,line 50,line 54,line 21,306,310,533,165536,4294802370,299,427
2,44,line 34,line 38,line 21,290,294,533,156992,4294810882,300,428
2,45,line 50,line 54,line 21,306,310,533,165536,4294802370,301,429
2,46,line 34,line 38,line 21,290,294,533,156992,4294810882,302,430
2,47,line 50,line 54,line 21,306,310,533,165536,4294802370,303,431
2,48,line 35,line 39,line 22,291,295,534,157821,4294810055,304,432
2,49,line 51,line 55,line 22,307,311,534,166381,4294801527,305,433
2,50,line 35,line 39,line 22,291,295,534,157821,4294810055,306,434
2,51,line 51,line 55,line 22,307,311,534,166381,4294801527,307,435
2,52,line 35,line 39,line 22,291,295,534,157821,4294810055,308,436
2,53,line 51,line 55,line 22,307,311,534,166381,4294801527,309,437
2,54,line 35,line 39,line 22,291,295,534,157821,4294810055,310,438
2,55,line 51,line 55,line 22,307,311,534,166381,4294801527,311,439
2,56,line 35,line 39,line 23,291,295,535,158116,4294809760,312,440
2,57,line 51,line 55,line 23,307,311,535,166692,4294801216,313,441
2,58,line 35,line 39,line 23,291,295,535,158116,4294809760,314,442
2,59,line 51,line 55,line 23,307,311,535,166692,4294801216,315,443
2,60,line 35,line 39,line 23,291,295,535,158116,4294809760,316,444
2,61,line 51,line 55,line 23,307,311,535,166692,4294801216,317,445
2,62,line 35,line 39,line 23,291,295,535,158116,4294809760,318,446
2,63,line 51,line 55,line 23,307,311,535,166692,4294801216,319,447
3,0,line 40,line 44,line 24,296,300,536,161096,4294806790,320,448
3,1,line 56,line 60,line 24,312,316,536,169688,4294798230,321,449
3,2,line 40,line 44,line 24,296,300,536,161096,4294806790,322,450
3,3,line 56,line 60,line 24,312,316,536,169688,4294798230,323,451
3,4,line 40,line 44,line 24,296,300,536,161096,4294806790,324,452
3,5,line 56,line 60,line 24,312,316,536,169688,4294798230,325,453
3,6,line 40,line 44,line 24,296,300,536,161096,4294806790,326,454
3,7,line 56,line 60,line 24,312,316,536,169688,4294798230,327,455
3,8,line 40,line 44,line 25,296,300,537,161396,4294806490,328,456
3,9,line 56,line 60,line 25,312,316,537,170004,4294797914,329,457
3,10,line 40,line 44,line 25,296,300,537,161396,4294806490,330,458
3,11,line 56,line 60,line 25,312,316,537,170004,4294797914,331,459
3,12,line 40,line 44,line 25,296,300,537,161396,4294806490,332,460
3,13,line 56,line 60,line 25,312,316,537,170004,4294797914,333,461
3,14,line 40,line 44,line 25,296,300,537,161396,4294806490,334,462
3,15,line 56,line 60,line 25,312,316,537,170004,4294797914,335,463
3,16,line 41,line 45,line 26,297,301,538,162235,4294805653,336,464
3,17,line 57,line 61,line 26,313,317,538,170859,4294797061,337,465
3,18,line 41,line 45,line 26,297,301,538,162235,4294805653,338,466
3,19,line 57,line 61,line 26,313,317,538,170859,4294797061,339,467
3,20,line 41,line 45,line 26,297,301,538,162235,4294805653,340,468
3,21,line 57,line 61,line 26,313,317,538,170859,4294797061,341,469
3,22,line 41,line 45,line 26,297,301,538,162235,4294805653,342,470
3,23,line 57,line 61,line 26,313,317,538,170859,4294797061,343,471
3,24,line 41,line 45,line 27,297,301,539,162536,4294805352,344,472
3,25,line 57,line 61,line 27,313,317,539,171176,4294796744,345,473
3,26,line 41,line 45,line 27,297,301,539,162536,4294805352,346,474
3,27,line 57,line 61,line 27,313,317,539,171176,4294796744,347,475
3,28,line 41,line 45,line 27,297,301,539,162536,4294805352,348,476
3,29,line 57,line 61,line 27,313,317,539,171176,4294796744,349,477
3,30,line 41,line 45,line 27,297,301,539,162536,4294805352,350,478
3,31,line 57,line 61,line 27,313,317,539,171176,4294796744,351,479
3,32,line 42,line 46,line 28,298,302,540,163378,4294804512,352,480
3,33,line 58,line 62,line 28,314,318,540,172034,4294795888,353,481
3,34,line 42,line 46,line 28,298,302,540,163378,4294804512,354,482
3,35,line 58,line 62,line 28,314,318,540,172034,4294795888,355,483
3,36,line 42,line 46,line 28,298,302,540,163378,4294804512,356,484
3,37,line 58,line 62,line 28,314,318,540,172034,4294795888,357,485
3,38,line 42,line 46,line 28,298,302,540,163378,4294804512,358,486
3,39,line 58,line 62,line 28,314,318,540,172034,4294795888,359,487
3,40,line 42,line 46,line 29,298,302,541,163680,4294804210,360,488
3,41,line 58,line 62,line 29,314,318,541,172352,4294795570,361,489
3,42,line 42,line 46,line 29,298,302,541,163680,4294804210,362,490
3,43,line 58,line 62,line 29,314,318,541,172352,4294795570,363,491
3,44,line 42,line 46,line 29,298,302,541,163680,4294804210,364,492
3,45,line 58,line 62,line 29,314,318,541,172352,4294795570,365,493
3,46,line 42,line 46,line 29,298,302,541,163680,4294804210,366,494
3,47,line 58,line 62,line 29,314,318,541,172352,4294795570,367,495
3,48,line 43,line 47,line 30,299,303,542,164525,4294803367,368,496
3,49,line 59,line 63,line 30,315,319,542,173213,4294794711,369,497
3,50,line 43,line 47,line 30,299,303,542,164525,4294803367,370,498
3,51,line 59,line 63,line 30,315,319,542,173213,4294794711,371,499
3,52,line 43,line 47,line 30,299,303,542,164525,4294803367,372,500
3,53,line 59,line 63,line 30,315,319,542,173213,4294794711,373,501
3,54,line 43,line 47,line 30,299,303,542,164525,4294803367,374,502
3,55,line 59,line 63,line 30,315,319,542,173213,4294794711,375,503
3,56,line 43,line 47,line 31,299,303,543,164828,4294803064,376,504
3,57,line 59,line 63,line 31,315,319,543,173532,4294794392,377,505
3,58,line 43,line 47,line 31,299,303,543,164828,4294803064,378,506
3,59,line 59,line 63,line 31,315,319,543,173532,4294794392,379,507
3,60,line 43,line 47,line 31,299,303,543,164828,4294803064,380,508
3,61,line 59,line 63,line 31,315,319,543,173532,4294794392,381,509
3,62,line 43,line 47,line 31,299,303,543,164828,4294803064,382,510
3,63,line 59,line 63,line 31,315,319,543,173532,4294794392,383,511
