word_idx,line,word_in_line,ddr_addr,value
0,0,0,1323008,516
1,0,1,1323012,580
2,0,2,1323016,516
3,0,3,1323020,580
4,0,4,1323024,516
5,0,5,1323028,580
6,0,6,1323032,516
7,0,7,1323036,580
8,1,0,1323040,516
9,1,1,1323044,580
10,1,2,1323048,516
11,1,3,1323052,580
12,1,4,1323056,516
13,1,5,1323060,580
14,1,6,1323064,516
15,1,7,1323068,580
16,2,0,1323072,518
17,2,1,1323076,582
18,2,2,1323080,518
19,2,3,1323084,582
20,2,4,1323088,518
21,2,5,1323092,582
22,2,6,1323096,518
23,2,7,1323100,582
24,3,0,1323104,518
25,3,1,1323108,582
26,3,2,1323112,518
27,3,3,1323116,582
28,3,4,1323120,518
29,3,5,1323124,582
30,3,6,1323128,518
31,3,7,1323132,582
32,4,0,1323136,520
33,4,1,1323140,584
34,4,2,1323144,520
35,4,3,1323148,584
36,4,4,1323152,520
37,4,5,1323156,584
38,4,6,1323160,520
39,4,7,1323164,584
40,5,0,1323168,520
41,5,1,1323172,584
42,5,2,1323176,520
43,5,3,1323180,584
44,5,4,1323184,520
45,5,5,1323188,584
46,5,6,1323192,520
47,5,7,1323196,584
48,6,0,1323200,522
49,6,1,1323204,586
50,6,2,1323208,522
51,6,3,1323212,586
52,6,4,1323216,522
53,6,5,1323220,586
54,6,6,1323224,522
55,6,7,1323228,586
56,7,0,1323232,522
57,7,1,1323236,586
58,7,2,1323240,522
59,7,3,1323244,586
60,7,4,1323248,522
61,7,5,1323252,586
62,7,6,1323256,522
63,7,7,1323260,586
64,8,0,1323264,532
65,8,1,1323268,596
66,8,2,1323272,532
67,8,3,1323276,596
68,8,4,1323280,532
69,8,5,1323284,596
70,8,6,1323288,532
71,8,7,1323292,596
72,9,0,1323296,532
73,9,1,1323300,596
74,9,2,1323304,532
75,9,3,1323308,596
76,9,4,1323312,532
77,9,5,1323316,596
78,9,6,1323320,532
79,9,7,1323324,596
80,10,0,1323328,534
81,10,1,1323332,598
82,10,2,1323336,534
83,10,3,1323340,598
84,10,4,1323344,534
85,10,5,1323348,598
86,10,6,1323352,534
87,10,7,1323356,598
88,11,0,1323360,534
89,11,1,1323364,598
90,11,2,1323368,534
91,11,3,1323372,598
92,11,4,1323376,534
93,11,5,1323380,598
94,11,6,1323384,534
95,11,7,1323388,598
96,12,0,1323392,536
97,12,1,1323396,600
98,12,2,1323400,536
99,12,3,1323404,600
100,12,4,1323408,536
101,12,5,1323412,600
102,12,6,1323416,536
103,12,7,1323420,600
104,13,0,1323424,536
105,13,1,1323428,600
106,13,2,1323432,536
107,13,3,1323436,600
108,13,4,1323440,536
109,13,5,1323444,600
110,13,6,1323448,536
111,13,7,1323452,600
112,14,0,1323456,538
113,14,1,1323460,602
114,14,2,1323464,538
115,14,3,1323468,602
116,14,4,1323472,538
117,14,5,1323476,602
118,14,6,1323480,538
119,14,7,1323484,602
120,15,0,1323488,538
121,15,1,1323492,602
122,15,2,1323496,538
123,15,3,1323500,602
124,15,4,1323504,538
125,15,5,1323508,602
126,15,6,1323512,538
127,15,7,1323516,602
128,16,0,1323520,548
129,16,1,1323524,612
130,16,2,1323528,548
131,16,3,1323532,612
132,16,4,1323536,548
133,16,5,1323540,612
134,16,6,1323544,548
135,16,7,1323548,612
136,17,0,1323552,548
137,17,1,1323556,612
138,17,2,1323560,548
139,17,3,1323564,612
140,17,4,1323568,548
141,17,5,1323572,612
142,17,6,1323576,548
143,17,7,1323580,612
144,18,0,1323584,550
145,18,1,1323588,614
146,18,2,1323592,550
147,18,3,1323596,614
148,18,4,1323600,550
149,18,5,1323604,614
150,18,6,1323608,550
151,18,7,1323612,614
152,19,0,1323616,550
153,19,1,1323620,614
154,19,2,1323624,550
155,19,3,1323628,614
156,19,4,1323632,550
157,19,5,1323636,614
158,19,6,1323640,550
159,19,7,1323644,614
160,20,0,1323648,552
161,20,1,1323652,616
162,20,2,1323656,552
163,20,3,1323660,616
164,20,4,1323664,552
165,20,5,1323668,616
166,20,6,1323672,552
167,20,7,1323676,616
168,21,0,1323680,552
169,21,1,1323684,616
170,21,2,1323688,552
171,21,3,1323692,616
172,21,4,1323696,552
173,21,5,1323700,616
174,21,6,1323704,552
175,21,7,1323708,616
176,22,0,1323712,554
177,22,1,1323716,618
178,22,2,1323720,554
179,22,3,1323724,618
180,22,4,1323728,554
181,22,5,1323732,618
182,22,6,1323736,554
183,22,7,1323740,618
184,23,0,1323744,554
185,23,1,1323748,618
186,23,2,1323752,554
187,23,3,1323756,618
188,23,4,1323760,554
189,23,5,1323764,618
190,23,6,1323768,554
191,23,7,1323772,618
192,24,0,1323776,564
193,24,1,1323780,628
194,24,2,1323784,564
195,24,3,1323788,628
196,24,4,1323792,564
197,24,5,1323796,628
198,24,6,1323800,564
199,24,7,1323804,628
200,25,0,1323808,564
201,25,1,1323812,628
202,25,2,1323816,564
203,25,3,1323820,628
204,25,4,1323824,564
205,25,5,1323828,628
206,25,6,1323832,564
207,25,7,1323836,628
208,26,0,1323840,566
209,26,1,1323844,630
210,26,2,1323848,566
211,26,3,1323852,630
212,26,4,1323856,566
213,26,5,1323860,630
214,26,6,1323864,566
215,26,7,1323868,630
216,27,0,1323872,566
217,27,1,1323876,630
218,27,2,1323880,566
219,27,3,1323884,630
220,27,4,1323888,566
221,27,5,1323892,630
222,27,6,1323896,566
223,27,7,1323900,630
224,28,0,1323904,568
225,28,1,1323908,632
226,28,2,1323912,568
227,28,3,1323916,632
228,28,4,1323920,568
229,28,5,1323924,632
230,28,6,1323928,568
231,28,7,1323932,632
232,29,0,1323936,568
233,29,1,1323940,632
234,29,2,1323944,568
235,29,3,1323948,632
236,29,4,1323952,568
237,29,5,1323956,632
238,29,6,1323960,568
239,29,7,1323964,632
240,30,0,1323968,570
241,30,1,1323972,634
242,30,2,1323976,570
243,30,3,1323980,634
244,30,4,1323984,570
245,30,5,1323988,634
246,30,6,1323992,570
247,30,7,1323996,634
248,31,0,1324000,570
249,31,1,1324004,634
250,31,2,1324008,570
251,31,3,1324012,634
252,31,4,1324016,570
253,31,5,1324020,634
254,31,6,1324024,570
255,31,7,1324028,634
256,32,0,1324032,4294967290
257,32,1,1324036,4294967290
258,32,2,1324040,4294967290
259,32,3,1324044,4294967290
260,32,4,1324048,4294967290
261,32,5,1324052,4294967290
262,32,6,1324056,4294967290
263,32,7,1324060,4294967290
264,33,0,1324064,4294967290
265,33,1,1324068,4294967290
266,33,2,1324072,4294967290
267,33,3,1324076,4294967290
268,33,4,1324080,4294967290
269,33,5,1324084,4294967290
270,33,6,1324088,4294967290
271,33,7,1324092,4294967290
272,34,0,1324096,4294967290
273,34,1,1324100,4294967290
274,34,2,1324104,4294967290
275,34,3,1324108,4294967290
276,34,4,1324112,4294967290
277,34,5,1324116,4294967290
278,34,6,1324120,4294967290
279,34,7,1324124,4294967290
280,35,0,1324128,4294967290
281,35,1,1324132,4294967290
282,35,2,1324136,4294967290
283,35,3,1324140,4294967290
284,35,4,1324144,4294967290
285,35,5,1324148,4294967290
286,35,6,1324152,4294967290
287,35,7,1324156,4294967290
288,36,0,1324160,4294967290
289,36,1,1324164,4294967290
290,36,2,1324168,4294967290
291,36,3,1324172,4294967290
292,36,4,1324176,4294967290
293,36,5,1324180,4294967290
294,36,6,1324184,4294967290
295,36,7,1324188,4294967290
296,37,0,1324192,4294967290
297,37,1,1324196,4294967290
298,37,2,1324200,4294967290
299,37,3,1324204,4294967290
300,37,4,1324208,4294967290
301,37,5,1324212,4294967290
302,37,6,1324216,4294967290
303,37,7,1324220,4294967290
304,38,0,1324224,4294967290
305,38,1,1324228,4294967290
306,38,2,1324232,4294967290
307,38,3,1324236,4294967290
308,38,4,1324240,4294967290
309,38,5,1324244,4294967290
310,38,6,1324248,4294967290
311,38,7,1324252,4294967290
312,39,0,1324256,4294967290
313,39,1,1324260,4294967290
314,39,2,1324264,4294967290
315,39,3,1324268,4294967290
316,39,4,1324272,4294967290
317,39,5,1324276,4294967290
318,39,6,1324280,4294967290
319,39,7,1324284,4294967290
320,40,0,1324288,4294967290
321,40,1,1324292,4294967290
322,40,2,1324296,4294967290
323,40,3,1324300,4294967290
324,40,4,1324304,4294967290
325,40,5,1324308,4294967290
326,40,6,1324312,4294967290
327,40,7,1324316,4294967290
328,41,0,1324320,4294967290
329,41,1,1324324,4294967290
330,41,2,1324328,4294967290
331,41,3,1324332,4294967290
332,41,4,1324336,4294967290
333,41,5,1324340,4294967290
334,41,6,1324344,4294967290
335,41,7,1324348,4294967290
336,42,0,1324352,4294967290
337,42,1,1324356,4294967290
338,42,2,1324360,4294967290
339,42,3,1324364,4294967290
340,42,4,1324368,4294967290
341,42,5,1324372,4294967290
342,42,6,1324376,4294967290
343,42,7,1324380,4294967290
344,43,0,1324384,4294967290
345,43,1,1324388,4294967290
346,43,2,1324392,4294967290
347,43,3,1324396,4294967290
348,43,4,1324400,4294967290
349,43,5,1324404,4294967290
350,43,6,1324408,4294967290
351,43,7,1324412,4294967290
352,44,0,1324416,4294967290
353,44,1,1324420,4294967290
354,44,2,1324424,4294967290
355,44,3,1324428,4294967290
356,44,4,1324432,4294967290
357,44,5,1324436,4294967290
358,44,6,1324440,4294967290
359,44,7,1324444,4294967290
360,45,0,1324448,4294967290
361,45,1,1324452,4294967290
362,45,2,1324456,4294967290
363,45,3,1324460,4294967290
364,45,4,1324464,4294967290
365,45,5,1324468,4294967290
366,45,6,1324472,4294967290
367,45,7,1324476,4294967290
368,46,0,1324480,4294967290
369,46,1,1324484,4294967290
370,46,2,1324488,4294967290
371,46,3,1324492,4294967290
372,46,4,1324496,4294967290
373,46,5,1324500,4294967290
374,46,6,1324504,4294967290
375,46,7,1324508,4294967290
376,47,0,1324512,4294967290
377,47,1,1324516,4294967290
378,47,2,1324520,4294967290
379,47,3,1324524,4294967290
380,47,4,1324528,4294967290
381,47,5,1324532,4294967290
382,47,6,1324536,4294967290
383,47,7,1324540,4294967290
384,48,0,1324544,4294967290
385,48,1,1324548,4294967290
386,48,2,1324552,4294967290
387,48,3,1324556,4294967290
388,48,4,1324560,4294967290
389,48,5,1324564,4294967290
390,48,6,1324568,4294967290
391,48,7,1324572,4294967290
392,49,0,1324576,4294967290
393,49,1,1324580,4294967290
394,49,2,1324584,4294967290
395,49,3,1324588,4294967290
396,49,4,1324592,4294967290
397,49,5,1324596,4294967290
398,49,6,1324600,4294967290
399,49,7,1324604,4294967290
400,50,0,1324608,4294967290
401,50,1,1324612,4294967290
402,50,2,1324616,4294967290
403,50,3,1324620,4294967290
404,50,4,1324624,4294967290
405,50,5,1324628,4294967290
406,50,6,1324632,4294967290
407,50,7,1324636,4294967290
408,51,0,1324640,4294967290
409,51,1,1324644,4294967290
410,51,2,1324648,4294967290
411,51,3,1324652,4294967290
412,51,4,1324656,4294967290
413,51,5,1324660,4294967290
414,51,6,1324664,4294967290
415,51,7,1324668,4294967290
416,52,0,1324672,4294967290
417,52,1,1324676,4294967290
418,52,2,1324680,4294967290
419,52,3,1324684,4294967290
420,52,4,1324688,4294967290
421,52,5,1324692,4294967290
422,52,6,1324696,4294967290
423,52,7,1324700,4294967290
424,53,0,1324704,4294967290
425,53,1,1324708,4294967290
426,53,2,1324712,4294967290
427,53,3,1324716,4294967290
428,53,4,1324720,4294967290
429,53,5,1324724,4294967290
430,53,6,1324728,4294967290
431,53,7,1324732,4294967290
432,54,0,1324736,4294967290
433,54,1,1324740,4294967290
434,54,2,1324744,4294967290
435,54,3,1324748,4294967290
436,54,4,1324752,4294967290
437,54,5,1324756,4294967290
438,54,6,1324760,4294967290
439,54,7,1324764,4294967290
440,55,0,1324768,4294967290
441,55,1,1324772,4294967290
442,55,2,1324776,4294967290
443,55,3,1324780,4294967290
444,55,4,1324784,4294967290
445,55,5,1324788,4294967290
446,55,6,1324792,4294967290
447,55,7,1324796,4294967290
448,56,0,1324800,4294967290
449,56,1,1324804,4294967290
450,56,2,1324808,4294967290
451,56,3,1324812,4294967290
452,56,4,1324816,4294967290
453,56,5,1324820,4294967290
454,56,6,1324824,4294967290
455,56,7,1324828,4294967290
456,57,0,1324832,4294967290
457,57,1,1324836,4294967290
458,57,2,1324840,4294967290
459,57,3,1324844,4294967290
460,57,4,1324848,4294967290
461,57,5,1324852,4294967290
462,57,6,1324856,4294967290
463,57,7,1324860,4294967290
464,58,0,1324864,4294967290
465,58,1,1324868,4294967290
466,58,2,1324872,4294967290
467,58,3,1324876,4294967290
468,58,4,1324880,4294967290
469,58,5,1324884,4294967290
470,58,6,1324888,4294967290
471,58,7,1324892,4294967290
472,59,0,1324896,4294967290
473,59,1,1324900,4294967290
474,59,2,1324904,4294967290
475,59,3,1324908,4294967290
476,59,4,1324912,4294967290
477,59,5,1324916,4294967290
478,59,6,1324920,4294967290
479,59,7,1324924,4294967290
480,60,0,1324928,4294967290
481,60,1,1324932,4294967290
482,60,2,1324936,4294967290
483,60,3,1324940,4294967290
484,60,4,1324944,4294967290
485,60,5,1324948,4294967290
486,60,6,1324952,4294967290
487,60,7,1324956,4294967290
488,61,0,1324960,4294967290
489,61,1,1324964,4294967290
490,61,2,1324968,4294967290
491,61,3,1324972,4294967290
492,61,4,1324976,4294967290
493,61,5,1324980,4294967290
494,61,6,1324984,4294967290
495,61,7,1324988,4294967290
496,62,0,1324992,4294967290
497,62,1,1324996,4294967290
498,62,2,1325000,4294967290
499,62,3,1325004,4294967290
500,62,4,1325008,4294967290
501,62,5,1325012,4294967290
502,62,6,1325016,4294967290
503,62,7,1325020,4294967290
504,63,0,1325024,4294967290
505,63,1,1325028,4294967290
506,63,2,1325032,4294967290
507,63,3,1325036,4294967290
508,63,4,1325040,4294967290
509,63,5,1325044,4294967290
510,63,6,1325048,4294967290
511,63,7,1325052,4294967290
