mem_pos,value,logical_label
0,530843338,0
1,213751005,32
2,644378576,64
3,990571363,96
4,1038179490,1
5,347996846,33
6,56381157,65
7,535279053,97
8,315614948,2
9,499732716,34
10,1010864056,66
11,572783189,98
12,963522699,3
13,143822059,35
14,689931437,67
15,1049687829,99
16,537473136,4
17,676319933,36
18,905937371,68
19,946403742,100
20,407771414,5
21,411204411,37
22,632220613,69
23,761126614,101
24,649548022,6
25,983786081,38
26,187618268,70
27,650369660,102
28,891758749,7
29,36376826,39
30,156303311,71
31,359386361,103
32,1019055089,8
33,617516029,40
34,734822911,72
35,371413832,104
36,154201182,9
37,102456968,41
38,718424134,73
39,787188179,105
40,875943977,10
41,1034758433,42
42,504979081,74
43,137517751,106
44,703021156,11
45,2465103,43
46,88619421,75
47,611725299,107
48,208904941,12
49,172439917,44
50,386508426,76
51,329922041,108
52,181585942,13
53,941913601,45
54,989586614,77
55,1010705968,109
56,764885941,14
57,929793918,46
58,795792812,78
59,693358509,110
60,368543132,15
61,611472208,47
62,118771376,79
63,255555588,111
64,926050145,16
65,667370060,48
66,914028577,80
67,64295607,112
68,840720489,17
69,784515856,49
70,1041589523,81
71,838408980,113
72,397871079,18
73,964268272,50
74,418512373,82
75,146459652,114
76,74856814,19
77,174715214,51
78,312323898,83
79,300208224,115
80,1052853011,20
81,875248664,52
82,201391734,84
83,327829507,116
84,480557414,21
85,428268634,53
86,706240037,85
87,43057036,117
88,83342439,22
89,770521898,54
90,1047493833,86
91,794602815,118
92,1000968683,23
93,583426281,55
94,588738574,87
95,254083532,119
96,840430577,24
97,288749225,56
98,408219840,88
99,1013005269,120
100,1038688486,25
101,856005033,57
102,385532421,89
103,1000554263,121
104,18966134,26
105,519771684,58
106,334826544,90
107,188517760,122
108,66054003,27
109,950285259,59
110,950446726,91
111,823086508,123
112,384706375,28
113,432973015,60
114,781593331,92
115,281259085,124
116,415820047,29
117,154896352,61
118,311824360,93
119,951822116,125
120,637903120,30
121,235336509,62
122,812220880,94
123,493246553,126
124,292654398,31
125,109523477,63
126,489743669,95
127,560553297,127
128,333985164,128
129,235610890,160
130,488755917,192
131,1028140348,224
132,157367716,129
133,1045302737,161
134,966869589,193
135,350091093,225
136,54799992,130
137,450811766,162
138,378223157,194
139,842669828,226
140,463406738,131
141,13211159,163
142,189685217,195
143,248992380,227
144,1045011681,132
145,523843439,164
146,893674001,196
147,841291204,228
148,466928374,133
149,1029941938,165
150,749345354,197
151,407326838,229
152,1035173142,134
153,679839507,166
154,100381737,198
155,599872878,230
156,263449620,135
157,516284712,167
158,268844398,199
159,430521014,231
160,486680214,136
161,164522023,168
162,693055603,200
163,526581938,232
164,408306745,137
165,39808453,169
166,213804509,201
167,465552349,233
168,144071375,138
169,212659895,170
170,577377698,202
171,833807638,234
172,526603565,139
173,672017173,171
174,990214689,203
175,106407530,235
176,203131330,140
177,594905890,172
178,211000562,204
179,395240483,236
180,857391889,141
181,299728314,173
182,546269229,205
183,1054311480,237
184,939872654,142
185,560649305,174
186,786361706,206
187,535987276,238
188,700270273,143
189,226062980,175
190,402167222,207
191,337569870,239
192,550824329,144
193,262913779,176
194,712830200,208
195,543560977,240
196,888661075,145
197,883789102,177
198,293418088,209
199,68476812,241
200,352047369,146
201,430289088,178
202,487333991,210
203,281621954,242
204,1063817910,147
205,455321924,179
206,112274333,211
207,822712930,243
208,769003591,148
209,530321216,180
210,1030136608,212
211,91195356,244
212,305395376,149
213,266696853,181
214,265507051,213
215,741055025,245
216,994111320,150
217,250504107,182
218,495777898,214
219,506119620,246
220,438293223,151
221,19133977,183
222,299816862,215
223,577149813,247
224,354076859,152
225,838355084,184
226,704941800,216
227,843669027,248
228,34108278,153
229,103801573,185
230,621463952,217
231,1023278522,249
232,720375887,154
233,901093144,186
234,507251098,218
235,142894414,250
236,1050998698,155
237,689770817,187
238,783695811,219
239,183445306,251
240,782781728,156
241,516830169,188
242,525350145,220
243,764282058,252
244,849133470,157
245,104622577,189
246,316107060,221
247,99609521,253
248,952824767,158
249,262281155,190
250,408393252,222
251,29621807,254
252,165695240,159
253,449188007,191
254,864000663,223
255,789249148,255
256,326688226,256
257,432220521,288
258,411650691,320
259,165246673,352
260,494546886,257
261,685673672,289
262,361751231,321
263,683178929,353
264,546638461,258
265,364499323,290
266,544261231,322
267,649783146,354
268,45176996,259
269,115951061,291
270,2311345,323
271,520999026,355
272,55074677,260
273,634369143,292
274,884569926,324
275,310523652,356
276,371680098,261
277,396456978,293
278,451219984,325
279,45084553,357
280,768346705,262
281,527828460,294
282,260035127,326
283,517712492,358
284,237776694,263
285,441503195,295
286,371133288,327
287,442654799,359
288,588457243,264
289,208638887,296
290,544109990,328
291,833123026,360
292,862170195,265
293,690940747,297
294,429208979,329
295,245936672,361
296,1052872740,266
297,969523330,298
298,681222912,330
299,617327060,362
300,224080649,267
301,565100982,299
302,705555792,331
303,710971520,363
304,826915701,268
305,928296642,300
306,301757645,332
307,272588198,364
308,457371379,269
309,852666991,301
310,822821673,333
311,375595874,365
312,763381452,270
313,1025087690,302
314,640394271,334
315,173727518,366
316,201531304,271
317,822561796,303
318,548585033,335
319,812667974,367
320,825618595,272
321,510996817,304
322,152060120,336
323,95825166,368
324,672079726,273
325,252441607,305
326,409877509,337
327,183074161,369
328,887842240,274
329,29712617,306
330,152536759,338
331,568554878,370
332,292728249,275
333,1026197383,307
334,63855059,339
335,717060630,371
336,544191717,276
337,910731791,308
338,713812546,340
339,580209320,372
340,936165546,277
341,463187475,309
342,910099496,341
343,234366032,373
344,610527046,278
345,987828570,310
346,105430752,342
347,966874650,374
348,14589402,279
349,797422903,311
350,749473646,343
351,798504445,375
352,1031353080,280
353,626729920,312
354,530917240,344
355,911933354,376
356,439483934,281
357,966634674,313
358,834060301,345
359,524648880,377
360,793934995,282
361,1039886935,314
362,339920828,346
363,1007574551,378
364,78680397,283
365,649053043,315
366,259229131,347
367,596551573,379
368,336221941,284
369,967293151,316
370,500617782,348
371,594621836,380
372,1002606935,285
373,828942404,317
374,759365623,349
375,1010768686,381
376,902905708,286
377,975909695,318
378,735932320,350
379,979577632,382
380,817830834,287
381,876265607,319
382,642031487,351
383,771468535,383
384,539765757,384
385,1048392653,416
386,644012432,448
387,439220482,480
388,193949760,385
389,187462852,417
390,888599411,449
391,426602044,481
392,244700851,386
393,175374252,418
394,902456807,450
395,306168668,482
396,387368,387
397,106995421,419
398,823786001,451
399,98786745,483
400,267984483,388
401,416201609,420
402,99415525,452
403,690768860,484
404,205963030,389
405,189667322,421
406,666663750,453
407,173579695,485
408,674904755,390
409,192936370,422
410,478608151,454
411,463511933,486
412,608816972,391
413,243031468,423
414,275446845,455
415,377262844,487
416,708170932,392
417,243501791,424
418,207958314,456
419,400460177,488
420,296185148,393
421,743783399,425
422,433754198,457
423,843836888,489
424,494237802,394
425,444574574,426
426,910658855,458
427,142441088,490
428,184542044,395
429,573394638,427
430,6775297,459
431,530202392,491
432,1055251756,396
433,917524179,428
434,452391660,460
435,67660253,492
436,1050206469,397
437,758889412,429
438,114368947,461
439,555239684,493
440,1038842290,398
441,911557796,430
442,886882090,462
443,484436265,494
444,910398270,399
445,904952050,431
446,889017187,463
447,330925133,495
448,54031381,400
449,566706611,432
450,452145794,464
451,387035137,496
452,379583721,401
453,385723812,433
454,222243829,465
455,65141382,497
456,225251001,402
457,611358523,434
458,39777745,466
459,697908410,498
460,574486644,403
461,1011194016,435
462,616761281,467
463,25546355,499
464,342091189,404
465,654974512,436
466,532345328,468
467,910269746,500
468,524975323,405
469,912165345,437
470,747957872,469
471,412006714,501
472,336089389,406
473,555299139,438
474,1062304162,470
475,176989521,502
476,744325420,407
477,227665673,439
478,394694335,471
479,581445317,503
480,444560539,408
481,65095626,440
482,1047996848,472
483,374089997,504
484,1027826985,409
485,971701543,441
486,142105057,473
487,847282014,505
488,446756026,410
489,332524224,442
490,1034724707,474
491,983599390,506
492,545876278,411
493,60705543,443
494,994958699,475
495,716879899,507
496,906834149,412
497,352467515,444
498,421172547,476
499,993052412,508
500,4208462,413
501,48133071,445
502,651536594,477
503,525660260,509
504,608137056,414
505,296197236,446
506,162923788,478
507,242012745,510
508,974557314,415
509,273713969,447
510,178266761,479
511,781004453,511
